{
  "CaseParams": {
    "Geometry" : "Square",
    "L": 8,
    "J1":  [1,0,0,0,5.3,0,0,0,5.3],
    "J2":  [0,0,0,0,0.2,0,0,0,0.2],
    "J3":  [0,0,0,0,-28,0,0,0,-28],
    "D":   [0,0,0, 0,-0.1,0, 0,0,-0.3],
    "GS1": [-1, 0.0, 0.01107422132702408357207701783409],
    "GS2": [0.5,  0.86597229818083143459972461641883, 0.011074221327025523392562078583978],
    "GS3": [0.5,-0.86597229818081278285291091378895, 0.011074221327024484293199968476529],
    "Warmup_Samples": 50000,
    "ExchangeInterval": 10,
    "Sweeps": 100000,
    "beta":  0.03,
    "SampleInterval": 20
  }
}
