{
  "CaseParams": {
    "Geometry" : "Square",
    "L": 4,
    "J1":  [1,0,0,1],
    "J2":  [0.2,0,0,0,0.2,0,0,0,0.2],
    "J3":  [-28,0,0,0,-28,0,0,0,-28],
    "D":   [0,0,0, 0,-0.1,0, 0,0,-0.3],
    "GS1": [-0.99993867893086330056462429638486, 0.0, 0.01107422132702408357207701783409],
    "GS2": [0.49996933946534061199429288535612,  0.86597229818083143459972461641883, 0.011074221327025523392562078583978],
    "GS3": [0.49996933946537314152891440244275,-0.86597229818081278285291091378895, 0.011074221327024484293199968476529],
    "Sweeps": 1000000,
    "beta":  0.5,
    "SampleInterval": 20
  }
}
